﻿<?xml version="1.0"?>
<doc>
<assembly>
<name>
EmailBank
</name>
</assembly>
<members>
<member name="T:EmailBank.dbDataSet.EmailCategoryDataTable">
	<summary>
Represents the strongly named DataTable class.
</summary>
</member><member name="T:EmailBank.dbDataSet.EmailTemplatesDataTable">
	<summary>
Represents the strongly named DataTable class.
</summary>
</member><member name="T:EmailBank.dbDataSet.SRDataTable">
	<summary>
Represents the strongly named DataTable class.
</summary>
</member><member name="T:EmailBank.dbDataSet.EmailCategoryRow">
	<summary>
Represents strongly named DataRow class.
</summary>
</member><member name="T:EmailBank.dbDataSet.EmailTemplatesRow">
	<summary>
Represents strongly named DataRow class.
</summary>
</member><member name="T:EmailBank.dbDataSet.SRRow">
	<summary>
Represents strongly named DataRow class.
</summary>
</member><member name="T:EmailBank.dbDataSet.EmailCategoryRowChangeEvent">
	<summary>
Row event argument class
</summary>
</member><member name="T:EmailBank.dbDataSet.EmailTemplatesRowChangeEvent">
	<summary>
Row event argument class
</summary>
</member><member name="T:EmailBank.dbDataSet.SRRowChangeEvent">
	<summary>
Row event argument class
</summary>
</member><member name="T:EmailBank.dbDataSet">
	<summary>
Represents a strongly typed in-memory cache of data.
</summary>
</member><member name="T:EmailBank.dbDataSetTableAdapters.EmailCategoryTableAdapter">
	<summary>
Represents the connection and commands used to retrieve and save data.
</summary>
</member><member name="T:EmailBank.dbDataSetTableAdapters.EmailTemplatesTableAdapter">
	<summary>
Represents the connection and commands used to retrieve and save data.
</summary>
</member><member name="T:EmailBank.dbDataSetTableAdapters.SRTableAdapter">
	<summary>
Represents the connection and commands used to retrieve and save data.
</summary>
</member><member name="M:EmailBank.dbDataSetTableAdapters.TableAdapterManager.UpdateUpdatedRows(EmailBank.dbDataSet,System.Collections.Generic.List{System.Data.DataRow},System.Collections.Generic.List{System.Data.DataRow})">
	<summary>
Update rows in top-down order.
</summary>
</member><member name="M:EmailBank.dbDataSetTableAdapters.TableAdapterManager.UpdateInsertedRows(EmailBank.dbDataSet,System.Collections.Generic.List{System.Data.DataRow})">
	<summary>
Insert rows in top-down order.
</summary>
</member><member name="M:EmailBank.dbDataSetTableAdapters.TableAdapterManager.UpdateDeletedRows(EmailBank.dbDataSet,System.Collections.Generic.List{System.Data.DataRow})">
	<summary>
Delete rows in bottom-up order.
</summary>
</member><member name="M:EmailBank.dbDataSetTableAdapters.TableAdapterManager.GetRealUpdatedRows(System.Data.DataRow[],System.Collections.Generic.List{System.Data.DataRow})">
	<summary>
Remove inserted rows that become updated rows after calling TableAdapter.Update(inserted rows) first
</summary>
</member><member name="M:EmailBank.dbDataSetTableAdapters.TableAdapterManager.UpdateAll(EmailBank.dbDataSet)">
	<summary>
Update all changes to the dataset.
</summary>
</member><member name="T:EmailBank.dbDataSetTableAdapters.TableAdapterManager.UpdateOrderOption">
	<summary>
Update Order Option
</summary>
</member><member name="T:EmailBank.dbDataSetTableAdapters.TableAdapterManager.SelfReferenceComparer">
	<summary>
Used to sort self-referenced table's rows
</summary>
</member><member name="T:EmailBank.dbDataSetTableAdapters.TableAdapterManager">
	<summary>
TableAdapterManager is used to coordinate TableAdapters in the dataset to enable Hierarchical Update scenarios
</summary>
</member><member name="P:EmailBank.My.Resources.Resources.ResourceManager">
	<summary>
  Returns the cached ResourceManager instance used by this class.
</summary>
</member><member name="P:EmailBank.My.Resources.Resources.Culture">
	<summary>
  Overrides the current thread's CurrentUICulture property for all
  resource lookups using this strongly typed resource class.
</summary>
</member><member name="P:EmailBank.My.Resources.Resources.buutn">
	<summary>
  Looks up a localized resource of type System.Drawing.Bitmap.
</summary>
</member><member name="P:EmailBank.My.Resources.Resources.header">
	<summary>
  Looks up a localized resource of type System.Drawing.Bitmap.
</summary>
</member><member name="P:EmailBank.My.Resources.Resources.header_trans">
	<summary>
  Looks up a localized resource of type System.Drawing.Bitmap.
</summary>
</member><member name="P:EmailBank.My.Resources.Resources.subbg">
	<summary>
  Looks up a localized resource of type System.Drawing.Bitmap.
</summary>
</member><member name="P:EmailBank.My.Resources.Resources.subbgb">
	<summary>
  Looks up a localized resource of type System.Drawing.Bitmap.
</summary>
</member><member name="T:EmailBank.My.Resources.Resources">
	<summary>
  A strongly-typed resource class, for looking up localized strings, etc.
</summary>
</member>
</members>
</doc>